,task,start_time,duration,DP,MAC,params
0,setup,1617385054.9183888,12.4850914478302,748428242,0,0
1,axial,1617385067.419189,11.4912748336792,975,0,0
2,Coronal,1617385078.9153116,12.576607465744019,985,0,0
3,Sagittal,1617385091.4962552,12.118679523468018,3272,0,0
4,aggregate,1617385103.61957,12.751753807067871,3761435789,0,0
