,task,start_time,duration,DP,MAC,params
0,setup,1617254351.8819253,0.6943995952606201,779,0,0
1,axial,1617254352.58006,3748.829273223877,26340,0,0
2,Coronal,1617258101.41459,3582.4189069271088,26206,0,0
3,Sagittal,1617261683.8379848,3166.5922722816467,26822,0,0
4,aggregate,1617264850.437889,7.71218729019165,3761767767,0,0
5,cleanup,1617264858.1535194,2.2411346435546875e-05,1,0,0
6,save,1617264858.1564589,0.37958645820617676,121,0,0
