,task,start_time,duration,DP,MAC,params
0,setup,1617385393.1726139,2.287050247192383,748428232,0,0
1,axial,1617385395.4647806,1206.8550548553467,21715,0,0
2,Coronal,1617386602.3244634,1233.7417707443237,21725,0,0
3,Sagittal,1617387836.070627,1173.3070662021637,24012,0,0
4,aggregate,1617389009.3821304,9.264957666397095,3761435666,0,0
